{"text": " \ub958\uc694 \ub098\uc774\uc250 \uc54c\ubaac", "segments": [{"id": 0, "seek": 0, "start": 0.0, "end": 6.28, "text": " \ub958\uc694 \ub098\uc774\uc250 \uc54c\ubaac", "tokens": [50364, 531, 46014, 1495, 3948, 3946, 231, 238, 21246, 103, 105, 50678], "temperature": 1.0, "avg_logprob": -1.7416965778057392, "compression_ratio": 0.6764705882352942, "no_speech_prob": 0.5480856895446777}], "language": "Korean"}